Tag,Should be
128,x
129,x
621,x
622,x
624,x
625,x
697,x
698,x
699,x
700,x
701,x
704,x
1519,x
2501,x
3168,x
3204,x
3206,x
3222,x
3231,x
3234,x
3235,x
3236,x
3237,x
3238,x
3239,x
3242,x
3243,x
3257,x
3260,x
3292,x
3294,x
3301,x
3310,x
3311,x
3315,x
3316,x
3318,x
3618,x
3872,x
3873,x
3874,x
3875,x
3981,x
3989,x
3997,x
4005,x
4010,x
4011,x
4013,104000
4770,x
4990,x
5478,x
5480,x
5481,x
5483,x
5485,x
5486,x
5487,x
5488,x
5490,x
6163,x
6164,x
6165,x
6166,x
6167,x
6168,x
7669,x
7670,x
7847,x
7974,x
7975,x
7976,x
7979,50118
7980,50118
7981,44668
7982,46773
7989,x
7990,x
7991,x
7992,x
8014,x
8015,x
8016,x
8019,x
8039,x
8040,x
8041,x
8042,x
8043,x
8044,x
8045,x
8046,x
8048,x
8049,x
8050,x
8051,x
8052,x
8053,x
8054,x
8056,x
8057,x
8058,x
8059,x
8060,x
8061,x
8062,x
8908,x
8909,x
8910,x
8911,x
8912,x
8913,x
8914,x
9081,x
9082,x
9083,x
9084,x
9086,x
9087,x
9088,x
9089,x
9090,x
9091,x
9092,x
9093,x
9094,x
9095,x
9096,x
9097,x
9098,x
9175,x
9198,x
9639,x
9842,x
9845,x
9848,x
9850,x
9851,x
9984,x
10105,x
11890,x
12659,x
12660,x
12661,x
12662,x
12663,x
12664,x
12665,x
12666,x
12667,x
12668,x
12669,x
12670,x
12671,x
12672,x
12673,x
12674,x
12675,x
12676,x
12677,x
12679,x
12680,x
12681,x
12682,x
12683,x
12684,x
12685,x
12686,x
12687,x
12689,x
12690,x
12691,x
12692,x
12693,x
12694,x
12695,x
12696,x
12697,x
12698,x
12699,x
12700,x
12701,x
12702,x
12703,x
12704,x
12705,x
12706,x
12707,x
12709,x
12710,x
12711,x
12712,x
12713,x
12714,x
12715,x
12716,x
12717,x
12718,x
12719,x
12720,x
12721,x
12722,x
12723,x
12724,x
12725,x
12726,x
12727,x
12728,x
12915,x
12919,x
12920,x
12921,x
12922,x
12923,x
12924,x
12925,x
12928,x
12929,x
12931,x
12932,x
12933,x
12939,x
12940,x
12942,x
12943,x
12944,x
12945,x
12946,x
12947,x
12948,x
12949,x
12950,x
12951,x
12952,x
12953,x
13079,x
13177,x
13178,x
13179,x
13221,x
13222,x
13303,x
13304,x
13305,x
13306,x
13307,x
13308,x
13309,x
13748,x
13749,x
13750,x
13751,x
13752,x
13753,x
14057,x
14058,x
14810,x
14811,x
14812,x
14813,x
14814,x
14815,x
14930,x
14931,x
14932,x
14933,x
14936,x
14937,x
14940,x
14941,x
14942,x
14943,x
14944,x
14945,x
14946,x
14947,x
14948,x
14949,x
15358,x
15359,x
15361,x
15364,x
15366,x
15373,x
15374,x
15375,x
16686,x
17748,102329
17751,74131
17894,x
17895,x
17896,x
17897,x
18777,x
18778,x
18779,x
18780,x
18781,x
18782,x
18783,x
18784,x
18785,x
18786,x
18787,x
18788,x
18789,x
18790,x
18791,x
18792,x
18793,x
18794,x
18795,x
18796,x
18797,x
18798,x
18799,x
18800,x
18801,x
18802,x
18803,x
18804,x
18805,x
18806,x
19009,x
19010,x
19011,x
19012,x
19013,x
19014,x
19015,x
19016,x
19017,x
19018,x
19019,x
19028,x
19029,x
19030,x
19031,x
19033,x
19036,x
19037,x
19038,x
19039,x
19040,x
19041,x
19042,x
19048,x
19049,x
19050,x
19051,x
19105,x
19106,x
19107,x
19154,x
19332,x
19333,x
19334,x
19335,x
19336,x
19429,x
19430,x
19431,x
19432,x
19433,x
19444,x
20016,x
20017,x
20018,x
20112,x
20113,x
20114,x
20115,x
20152,x
20153,x
20154,x
20155,x
20196,x
20216,x
